elapsed_s	stage_alive	tb_alive	train_pid	webots	controllers	rl_ports	supervisor_port	handshakes	cuda_ok	gpu_train	steps	event_bytes	event_growth_count	http	memavail_kb	swapfree_kb	gpu_mib	bad	session_ok
0	1	1	212404	1	4	4	1	4	1	1	458192	254	1	200	3903736	20939228	282	0	1
5	1	1	212404	1	4	4	1	4	1	1	459216	254	1	200	3879640	20939228	284	0	1
11	1	1	212404	1	4	4	1	4	1	1	460240	254	1	200	3860932	20939228	284	0	1
16	1	1	212404	1	4	4	1	4	1	1	461520	254	1	200	3873860	20939228	284	0	1
21	1	1	212404	1	4	4	1	4	1	1	462800	254	1	200	3864548	20939228	284	0	1
26	1	1	212404	1	4	4	1	4	1	1	463824	254	1	200	3883776	20939228	284	0	1
31	1	1	212404	1	4	4	1	4	1	1	465360	254	1	200	3868272	20939228	284	0	1
37	1	1	212404	1	4	4	1	4	1	1	466384	992	2	200	3867844	20939228	284	0	1
42	1	1	212404	1	4	4	1	4	1	1	467408	992	2	200	3854240	20939228	284	0	1
47	1	1	212404	1	4	4	1	4	1	1	468688	992	2	200	3867076	20939228	284	0	1
52	1	1	212404	1	4	4	1	4	1	1	469712	992	2	200	3853776	20939228	284	0	1
57	1	1	212404	1	4	4	1	4	1	1	470992	992	2	200	3870208	20939228	284	0	1
62	1	1	212404	1	4	4	1	4	1	1	472016	992	2	200	3863488	20939228	284	0	1
68	1	1	212404	1	4	4	1	4	1	1	473296	992	2	200	3869268	20939228	284	0	1
73	1	1	212404	1	4	4	1	4	1	1	474320	992	2	200	3877376	20939228	284	0	1
78	1	1	212404	1	4	4	1	4	1	1	475344	1730	3	200	3876252	20939228	284	0	1
83	1	1	212404	1	4	4	1	4	1	1	476624	1730	3	200	3846908	20939228	284	0	1
88	1	1	212404	1	4	4	1	4	1	1	477648	1730	3	200	3861740	20939228	284	0	1
94	1	1	212404	1	4	4	1	4	1	1	478928	1730	3	200	3878532	20939228	284	0	1
99	1	1	212404	1	4	4	1	4	1	1	480208	1730	3	200	3877640	20939228	284	0	1
104	1	1	212404	1	4	4	1	4	1	1	481232	1730	3	200	3872904	20939228	284	0	1
109	1	1	212404	1	4	4	1	4	1	1	482768	2468	4	200	3880284	20939228	284	0	1
114	1	1	212404	1	4	4	1	4	1	1	483792	2468	4	200	3869624	20939228	284	0	1
119	1	1	212404	1	4	4	1	4	1	1	485072	2468	4	200	3843908	20939228	284	0	1
125	1	1	212404	1	4	4	1	4	1	1	486096	2468	4	200	3861488	20939228	284	0	1
130	1	1	212404	1	4	4	1	4	1	1	487376	2468	4	200	3848600	20939228	284	0	1
135	1	1	212404	1	4	4	1	4	1	1	488656	2468	4	200	3884760	20939228	284	0	1
140	1	1	212404	1	4	4	1	4	1	1	489936	2468	4	200	3894564	20939228	284	0	1
145	1	1	212404	1	4	4	1	4	1	1	490960	3206	5	200	3871320	20939228	284	0	1
151	1	1	212404	1	4	4	1	4	1	1	491984	3206	5	200	3868868	20939228	284	0	1
156	1	1	212404	1	4	4	1	4	1	1	493264	3206	5	200	3841732	20939228	284	0	1
161	1	1	212404	1	4	4	1	4	1	1	494544	3206	5	200	3873920	20939228	284	0	1
166	1	1	212404	1	4	4	1	4	1	1	495824	3206	5	200	3884100	20939228	284	0	1
171	1	1	212404	1	4	4	1	4	1	1	497104	3206	5	200	3853544	20939228	284	0	1
177	1	1	212404	1	4	4	1	4	1	1	498128	3206	5	200	3849032	20939228	284	0	1
