1791094515.175836734	0	0	0	0
1791094515.288481731	0	0	0	0
1791094515.396277394	0	0	0	0
1791094515.526048459	0	0	0	0
1791094515.632962156	0	0	0	0
1791094515.749156875	0	0	0	0
1791094515.864865560	0	0	0	0
1791094515.974083222	0	0	0	0
1791094516.081735362	0	0	0	0
1791094516.186551308	0	0	0	0
1791094516.290009655	0	0	0	0
1791094516.397246103	0	0	0	0
1791094516.540378657	0	0	4	0
1791094516.654849919	1	0	4	0
1791094516.762790668	1	0	4	0
1791094516.871257602	1	0	4	0
1791094516.978621244	1	0	4	0
1791094517.087652856	1	0	4	0
1791094517.197294619	1	0	4	0
1791094517.310092484	1	0	4	0
1791094517.425741914	1	0	4	0
1791094517.539245364	1	0	4	0
1791094517.649691603	1	0	4	0
1791094517.757302255	1	0	4	0
1791094517.855401585	1	0	4	0
1791094517.961849094	1	0	4	0
1791094518.076017434	1	0	4	0
1791094518.184463281	1	0	4	0
1791094518.295185950	1	0	4	0
1791094518.402993792	1	0	4	0
1791094518.520827804	1	0	4	0
1791094518.621498510	1	0	4	0
1791094518.737184209	1	0	4	4
1791094518.853338749	1	0	4	4
1791094518.962925016	1	0	4	4
1791094519.076404237	1	0	4	4
1791094519.184805560	1	0	4	4
1791094519.295599099	1	0	4	4
1791094519.405694696	1	0	4	4
1791094519.520790189	1	0	4	4
1791094519.627486916	1	0	4	4
1791094519.736568659	1	0	4	4
1791094519.845395495	1	0	4	4
1791094519.954377888	1	0	4	4
1791094520.064872141	1	0	4	4
1791094520.174577619	1	0	4	4
1791094520.284556214	1	0	4	4
1791094520.389368961	1	0	4	4
1791094520.504930492	1	0	4	4
1791094520.609224889	1	0	4	4
1791094520.729398375	1	0	4	4
1791094520.840889489	1	0	4	4
1791094520.948339776	1	0	4	4
1791094521.056353416	1	0	4	4
1791094521.163822855	1	0	4	4
1791094521.274478332	1	0	4	4
1791094521.378340677	1	0	4	4
1791094521.485502376	1	0	4	4
1791094521.595025580	1	0	4	4
1791094521.703615184	1	0	4	4
1791094521.826610734	1	0	4	4
1791094521.935519081	1	0	4	4
1791094522.046609821	1	0	4	4
1791094522.149452286	1	0	4	4
1791094522.262628804	1	0	4	4
1791094522.371073994	1	0	4	4
1791094522.485699851	1	0	4	4
1791094522.599567916	1	0	4	4
1791094522.716661885	1	0	4	4
1791094522.827957642	1	0	4	4
1791094522.946536036	1	0	4	4
1791094523.054960205	1	0	4	4
1791094523.160125268	1	0	4	4
1791094523.267479370	1	0	4	4
1791094523.387348868	1	0	4	4
1791094523.503820507	1	0	4	4
1791094523.614720911	1	0	4	4
1791094523.733230399	1	0	4	4
1791094523.845990087	1	0	4	4
1791094523.959644757	1	0	4	4
1791094524.068949719	1	0	4	4
1791094524.184606046	1	0	4	4
1791094524.299473009	1	0	4	4
1791094524.412882242	1	0	4	4
1791094524.523815640	1	0	4	4
1791094524.629147752	1	0	4	4
1791094524.741718046	1	0	4	4
1791094524.853500970	1	0	4	4
1791094524.975389302	1	0	4	4
1791094525.083255104	1	0	4	4
1791094525.187028529	1	0	4	4
1791094525.296160473	1	0	4	4
1791094525.406508246	1	0	4	4
1791094525.513295111	1	0	4	4
1791094525.619300718	1	0	4	4
1791094525.731323976	1	0	4	4
1791094525.842661609	1	0	4	4
1791094525.964702804	1	0	4	4
1791094526.074314344	1	0	4	4
1791094526.179530940	1	0	4	4
1791094526.286238750	1	0	4	4
1791094526.395123564	1	0	4	4
1791094526.505929451	1	0	4	4
1791094526.612926263	1	0	4	4
1791094526.728933754	1	0	4	4
1791094526.844946899	1	0	4	4
1791094526.958072686	1	0	4	4
1791094527.063740487	1	0	4	4
1791094527.172050504	1	0	4	4
1791094527.281565512	1	0	4	4
1791094527.392418798	1	0	4	4
1791094527.500612307	1	0	4	4
1791094527.608202133	1	0	4	4
1791094527.721052813	1	0	4	4
1791094527.829882721	1	0	4	4
1791094527.937322342	1	0	4	4
1791094528.050285238	1	0	4	4
1791094528.159822344	1	0	4	4
1791094528.268411884	1	0	4	4
1791094528.376948710	1	0	4	4
1791094528.486270683	1	0	4	4
1791094528.597233714	1	0	4	4
1791094528.698314980	1	0	4	4
1791094528.805132125	1	0	4	4
1791094528.914796971	1	0	4	4
1791094529.021665049	1	0	4	4
1791094529.125775206	1	0	4	4
1791094529.232004138	1	0	4	4
1791094529.334524370	1	0	4	4
1791094529.440653232	1	0	4	4
1791094529.547688016	1	0	4	4
1791094529.657952474	1	0	4	4
1791094529.771439323	1	0	4	4
1791094529.877247386	1	0	4	4
1791094529.985654601	1	0	4	4
1791094530.093238443	1	0	4	4
1791094530.206170135	1	0	4	4
1791094530.310447378	1	0	4	4
1791094530.423220337	1	0	4	4
1791094530.538309500	1	0	4	4
1791094530.642332552	1	0	4	4
1791094530.747884098	1	0	4	4
1791094530.856573792	1	0	4	4
1791094530.965755023	1	0	4	4
1791094531.095015251	1	0	4	4
1791094531.211588577	1	0	4	4
1791094531.321766263	1	0	4	4
1791094531.425616884	1	0	4	4
1791094531.532112469	1	0	4	4
1791094531.633638050	1	0	4	4
1791094531.738197571	1	0	4	4
1791094531.843422659	1	0	4	4
1791094531.953003647	1	0	4	4
1791094532.062100217	1	0	4	4
1791094532.169574452	1	0	4	4
1791094532.278186305	1	0	4	4
1791094532.388924026	1	0	4	4
1791094532.495099979	1	0	4	4
1791094532.600180080	1	0	4	4
1791094532.701699910	1	0	4	4
1791094532.807850892	1	0	4	4
1791094532.917280257	1	0	0	4
1791094533.029510878	0	0	0	4
1791094533.140717981	0	0	0	4
1791094533.244738638	0	0	0	4
1791094533.355228205	0	0	0	4
1791094533.456039072	0	0	0	4
1791094533.568664153	0	0	0	4
1791094533.681332736	0	0	0	4
1791094533.792933782	0	0	0	4
